ctcf_index	ctcf_chrom	ctcf_start	ctcf_end	condition	n_sineb2	urq_mean
-1	NA	NA	NA	background	0	-0.048206706
0	chr1	4770055	4770074	CTCF	0	-0.18198234
0	chr1	4770055	4770074	CTCF + 2 SINE_B2	2	-0.13643503
0	chr1	4770055	4770074	CTCF + 4 SINE_B2	4	-0.1551208
0	chr1	4770055	4770074	CTCF + 6 SINE_B2	6	-0.16773961
0	chr1	4770055	4770074	CTCF + 8 SINE_B2	8	-0.17404541
0	chr1	4770055	4770074	CTCF + 10 SINE_B2	10	-0.18967453
1	chr17	73302299	73302318	CTCF	0	-0.14894998
1	chr17	73302299	73302318	CTCF + 2 SINE_B2	2	-0.106715225
1	chr17	73302299	73302318	CTCF + 4 SINE_B2	4	-0.12266358
1	chr17	73302299	73302318	CTCF + 6 SINE_B2	6	-0.12868306
1	chr17	73302299	73302318	CTCF + 8 SINE_B2	8	-0.13636373
1	chr17	73302299	73302318	CTCF + 10 SINE_B2	10	-0.15193157
2	chr11	53255114	53255133	CTCF	0	-0.12120455
2	chr11	53255114	53255133	CTCF + 2 SINE_B2	2	-0.093273
2	chr11	53255114	53255133	CTCF + 4 SINE_B2	4	-0.10966973
2	chr11	53255114	53255133	CTCF + 6 SINE_B2	6	-0.12387801
2	chr11	53255114	53255133	CTCF + 8 SINE_B2	8	-0.1326046
2	chr11	53255114	53255133	CTCF + 10 SINE_B2	10	-0.14110965
3	chr17	58909467	58909486	CTCF	0	-0.07114691
3	chr17	58909467	58909486	CTCF + 2 SINE_B2	2	-0.065318376
3	chr17	58909467	58909486	CTCF + 4 SINE_B2	4	-0.07672361
3	chr17	58909467	58909486	CTCF + 6 SINE_B2	6	-0.08569271
3	chr17	58909467	58909486	CTCF + 8 SINE_B2	8	-0.093565054
3	chr17	58909467	58909486	CTCF + 10 SINE_B2	10	-0.103604235
4	chr11	7200206	7200225	CTCF	0	-0.10895985
4	chr11	7200206	7200225	CTCF + 2 SINE_B2	2	-0.083782226
4	chr11	7200206	7200225	CTCF + 4 SINE_B2	4	-0.09743636
4	chr11	7200206	7200225	CTCF + 6 SINE_B2	6	-0.103913166
4	chr11	7200206	7200225	CTCF + 8 SINE_B2	8	-0.11264503
4	chr11	7200206	7200225	CTCF + 10 SINE_B2	10	-0.12561049
5	chr1	14729230	14729249	CTCF	0	-0.07591024
5	chr1	14729230	14729249	CTCF + 2 SINE_B2	2	-0.06659113
5	chr1	14729230	14729249	CTCF + 4 SINE_B2	4	-0.07980728
5	chr1	14729230	14729249	CTCF + 6 SINE_B2	6	-0.0890042
5	chr1	14729230	14729249	CTCF + 8 SINE_B2	8	-0.09708902
5	chr1	14729230	14729249	CTCF + 10 SINE_B2	10	-0.1069575
6	chr1	167669949	167669968	CTCF	0	-0.14609307
6	chr1	167669949	167669968	CTCF + 2 SINE_B2	2	-0.10652943
6	chr1	167669949	167669968	CTCF + 4 SINE_B2	4	-0.12517065
6	chr1	167669949	167669968	CTCF + 6 SINE_B2	6	-0.1395052
6	chr1	167669949	167669968	CTCF + 8 SINE_B2	8	-0.14764506
6	chr1	167669949	167669968	CTCF + 10 SINE_B2	10	-0.15646726
7	chr18	58481865	58481884	CTCF	0	-0.15488584
7	chr18	58481865	58481884	CTCF + 2 SINE_B2	2	-0.113875285
7	chr18	58481865	58481884	CTCF + 4 SINE_B2	4	-0.13242102
7	chr18	58481865	58481884	CTCF + 6 SINE_B2	6	-0.14721388
7	chr18	58481865	58481884	CTCF + 8 SINE_B2	8	-0.15550241
7	chr18	58481865	58481884	CTCF + 10 SINE_B2	10	-0.16464208
8	chr3	107206179	107206198	CTCF	0	-0.18743365
8	chr3	107206179	107206198	CTCF + 2 SINE_B2	2	-0.14055386
8	chr3	107206179	107206198	CTCF + 4 SINE_B2	4	-0.15892857
8	chr3	107206179	107206198	CTCF + 6 SINE_B2	6	-0.17046145
8	chr3	107206179	107206198	CTCF + 8 SINE_B2	8	-0.17710516
8	chr3	107206179	107206198	CTCF + 10 SINE_B2	10	-0.19271752
9	chr2	37815860	37815879	CTCF	0	-0.14458169
9	chr2	37815860	37815879	CTCF + 2 SINE_B2	2	-0.10504841
9	chr2	37815860	37815879	CTCF + 4 SINE_B2	4	-0.12140784
9	chr2	37815860	37815879	CTCF + 6 SINE_B2	6	-0.12933533
9	chr2	37815860	37815879	CTCF + 8 SINE_B2	8	-0.13647056
9	chr2	37815860	37815879	CTCF + 10 SINE_B2	10	-0.15113084
10	chr17	83271677	83271696	CTCF	0	-0.20440431
10	chr17	83271677	83271696	CTCF + 2 SINE_B2	2	-0.15620378
10	chr17	83271677	83271696	CTCF + 4 SINE_B2	4	-0.17383192
10	chr17	83271677	83271696	CTCF + 6 SINE_B2	6	-0.18680882
10	chr17	83271677	83271696	CTCF + 8 SINE_B2	8	-0.19335984
10	chr17	83271677	83271696	CTCF + 10 SINE_B2	10	-0.20847161
11	chr1	55404542	55404561	CTCF	0	-0.050467793
11	chr1	55404542	55404561	CTCF + 2 SINE_B2	2	-0.05194581
11	chr1	55404542	55404561	CTCF + 4 SINE_B2	4	-0.060209893
11	chr1	55404542	55404561	CTCF + 6 SINE_B2	6	-0.06702386
11	chr1	55404542	55404561	CTCF + 8 SINE_B2	8	-0.07288576
11	chr1	55404542	55404561	CTCF + 10 SINE_B2	10	-0.08182518
12	chr8	127191511	127191530	CTCF	0	-0.15204167
12	chr8	127191511	127191530	CTCF + 2 SINE_B2	2	-0.11069714
12	chr8	127191511	127191530	CTCF + 4 SINE_B2	4	-0.12756853
12	chr8	127191511	127191530	CTCF + 6 SINE_B2	6	-0.13583751
12	chr8	127191511	127191530	CTCF + 8 SINE_B2	8	-0.1428251
12	chr8	127191511	127191530	CTCF + 10 SINE_B2	10	-0.15721963
13	chr9	68015252	68015271	CTCF	0	-0.11419581
13	chr9	68015252	68015271	CTCF + 2 SINE_B2	2	-0.08432
13	chr9	68015252	68015271	CTCF + 4 SINE_B2	4	-0.09927008
13	chr9	68015252	68015271	CTCF + 6 SINE_B2	6	-0.103187904
13	chr9	68015252	68015271	CTCF + 8 SINE_B2	8	-0.11220721
13	chr9	68015252	68015271	CTCF + 10 SINE_B2	10	-0.12748489
14	chr3	133314650	133314669	CTCF	0	-0.13857847
14	chr3	133314650	133314669	CTCF + 2 SINE_B2	2	-0.10034525
14	chr3	133314650	133314669	CTCF + 4 SINE_B2	4	-0.116241544
14	chr3	133314650	133314669	CTCF + 6 SINE_B2	6	-0.12311229
14	chr3	133314650	133314669	CTCF + 8 SINE_B2	8	-0.13049185
14	chr3	133314650	133314669	CTCF + 10 SINE_B2	10	-0.1451861
15	chr1	98392219	98392238	CTCF	0	-0.051316638
15	chr1	98392219	98392238	CTCF + 2 SINE_B2	2	-0.05021621
15	chr1	98392219	98392238	CTCF + 4 SINE_B2	4	-0.058749586
15	chr1	98392219	98392238	CTCF + 6 SINE_B2	6	-0.06595881
15	chr1	98392219	98392238	CTCF + 8 SINE_B2	8	-0.07179511
15	chr1	98392219	98392238	CTCF + 10 SINE_B2	10	-0.08181786
16	chr12	80724993	80725012	CTCF	0	-0.09179281
16	chr12	80724993	80725012	CTCF + 2 SINE_B2	2	-0.07530334
16	chr12	80724993	80725012	CTCF + 4 SINE_B2	4	-0.08950626
16	chr12	80724993	80725012	CTCF + 6 SINE_B2	6	-0.10035554
16	chr12	80724993	80725012	CTCF + 8 SINE_B2	8	-0.10891142
16	chr12	80724993	80725012	CTCF + 10 SINE_B2	10	-0.1176516
17	chr5	102149661	102149680	CTCF	0	-0.07163544
17	chr5	102149661	102149680	CTCF + 2 SINE_B2	2	-0.061082013
17	chr5	102149661	102149680	CTCF + 4 SINE_B2	4	-0.07301203
17	chr5	102149661	102149680	CTCF + 6 SINE_B2	6	-0.07767757
17	chr5	102149661	102149680	CTCF + 8 SINE_B2	8	-0.0861954
17	chr5	102149661	102149680	CTCF + 10 SINE_B2	10	-0.09758947
18	chr17	14524605	14524624	CTCF	0	-0.18272862
18	chr17	14524605	14524624	CTCF + 2 SINE_B2	2	-0.13799624
18	chr17	14524605	14524624	CTCF + 4 SINE_B2	4	-0.15670995
18	chr17	14524605	14524624	CTCF + 6 SINE_B2	6	-0.17028503
18	chr17	14524605	14524624	CTCF + 8 SINE_B2	8	-0.17687498
18	chr17	14524605	14524624	CTCF + 10 SINE_B2	10	-0.19222927
19	chr14	78288082	78288101	CTCF	0	-0.12760884
19	chr14	78288082	78288101	CTCF + 2 SINE_B2	2	-0.09869663
19	chr14	78288082	78288101	CTCF + 4 SINE_B2	4	-0.11498717
19	chr14	78288082	78288101	CTCF + 6 SINE_B2	6	-0.12957671
19	chr14	78288082	78288101	CTCF + 8 SINE_B2	8	-0.13874723
19	chr14	78288082	78288101	CTCF + 10 SINE_B2	10	-0.14793006
20	chr16	21192776	21192795	CTCF	0	-0.06539243
20	chr16	21192776	21192795	CTCF + 2 SINE_B2	2	-0.056436703
20	chr16	21192776	21192795	CTCF + 4 SINE_B2	4	-0.06956668
20	chr16	21192776	21192795	CTCF + 6 SINE_B2	6	-0.07788029
20	chr16	21192776	21192795	CTCF + 8 SINE_B2	8	-0.08508412
20	chr16	21192776	21192795	CTCF + 10 SINE_B2	10	-0.096588075
21	chr9	69296582	69296601	CTCF	0	-0.12483298
21	chr9	69296582	69296601	CTCF + 2 SINE_B2	2	-0.094315276
21	chr9	69296582	69296601	CTCF + 4 SINE_B2	4	-0.11086652
21	chr9	69296582	69296601	CTCF + 6 SINE_B2	6	-0.12534015
21	chr9	69296582	69296601	CTCF + 8 SINE_B2	8	-0.1339398
21	chr9	69296582	69296601	CTCF + 10 SINE_B2	10	-0.14253786
22	chr7	132213675	132213694	CTCF	0	-0.07608044
22	chr7	132213675	132213694	CTCF + 2 SINE_B2	2	-0.06706035
22	chr7	132213675	132213694	CTCF + 4 SINE_B2	4	-0.079608895
22	chr7	132213675	132213694	CTCF + 6 SINE_B2	6	-0.08890936
22	chr7	132213675	132213694	CTCF + 8 SINE_B2	8	-0.09703819
22	chr7	132213675	132213694	CTCF + 10 SINE_B2	10	-0.10708355
23	chr12	50943805	50943824	CTCF	0	-0.062248167
23	chr12	50943805	50943824	CTCF + 2 SINE_B2	2	-0.054484658
23	chr12	50943805	50943824	CTCF + 4 SINE_B2	4	-0.0663323
23	chr12	50943805	50943824	CTCF + 6 SINE_B2	6	-0.0746038
23	chr12	50943805	50943824	CTCF + 8 SINE_B2	8	-0.08173708
23	chr12	50943805	50943824	CTCF + 10 SINE_B2	10	-0.093103416
24	chr13	20292561	20292580	CTCF	0	-0.07778236
24	chr13	20292561	20292580	CTCF + 2 SINE_B2	2	-0.06800423
24	chr13	20292561	20292580	CTCF + 4 SINE_B2	4	-0.08070067
24	chr13	20292561	20292580	CTCF + 6 SINE_B2	6	-0.090214394
24	chr13	20292561	20292580	CTCF + 8 SINE_B2	8	-0.098323934
24	chr13	20292561	20292580	CTCF + 10 SINE_B2	10	-0.10828669
25	chr15	97195778	97195797	CTCF	0	-0.14069761
25	chr15	97195778	97195797	CTCF + 2 SINE_B2	2	-0.10201118
25	chr15	97195778	97195797	CTCF + 4 SINE_B2	4	-0.11759123
25	chr15	97195778	97195797	CTCF + 6 SINE_B2	6	-0.12335556
25	chr15	97195778	97195797	CTCF + 8 SINE_B2	8	-0.13134915
25	chr15	97195778	97195797	CTCF + 10 SINE_B2	10	-0.14674209
26	chr9	87027889	87027908	CTCF	0	-0.10629332
26	chr9	87027889	87027908	CTCF + 2 SINE_B2	2	-0.08148782
26	chr9	87027889	87027908	CTCF + 4 SINE_B2	4	-0.09524368
26	chr9	87027889	87027908	CTCF + 6 SINE_B2	6	-0.10098928
26	chr9	87027889	87027908	CTCF + 8 SINE_B2	8	-0.10967456
26	chr9	87027889	87027908	CTCF + 10 SINE_B2	10	-0.12312521
27	chr7	48749365	48749384	CTCF	0	-0.14825828
27	chr7	48749365	48749384	CTCF + 2 SINE_B2	2	-0.10564755
27	chr7	48749365	48749384	CTCF + 4 SINE_B2	4	-0.120073706
27	chr7	48749365	48749384	CTCF + 6 SINE_B2	6	-0.123883896
27	chr7	48749365	48749384	CTCF + 8 SINE_B2	8	-0.1337949
27	chr7	48749365	48749384	CTCF + 10 SINE_B2	10	-0.1504433
28	chr6	61316056	61316075	CTCF	0	-0.051142856
28	chr6	61316056	61316075	CTCF + 2 SINE_B2	2	-0.052770447
28	chr6	61316056	61316075	CTCF + 4 SINE_B2	4	-0.06107958
28	chr6	61316056	61316075	CTCF + 6 SINE_B2	6	-0.067612104
28	chr6	61316056	61316075	CTCF + 8 SINE_B2	8	-0.07351637
28	chr6	61316056	61316075	CTCF + 10 SINE_B2	10	-0.08236649
29	chr1	9545333	9545352	CTCF	0	-0.06341075
29	chr1	9545333	9545352	CTCF + 2 SINE_B2	2	-0.057634115
29	chr1	9545333	9545352	CTCF + 4 SINE_B2	4	-0.069618806
29	chr1	9545333	9545352	CTCF + 6 SINE_B2	6	-0.077804625
29	chr1	9545333	9545352	CTCF + 8 SINE_B2	8	-0.08504043
29	chr1	9545333	9545352	CTCF + 10 SINE_B2	10	-0.09634276
30	chr2	17415562	17415581	CTCF	0	-0.052216653
30	chr2	17415562	17415581	CTCF + 2 SINE_B2	2	-0.05077203
30	chr2	17415562	17415581	CTCF + 4 SINE_B2	4	-0.059500728
30	chr2	17415562	17415581	CTCF + 6 SINE_B2	6	-0.06661665
30	chr2	17415562	17415581	CTCF + 8 SINE_B2	8	-0.072239965
30	chr2	17415562	17415581	CTCF + 10 SINE_B2	10	-0.082646236
31	chr11	25862970	25862989	CTCF	0	-0.08672735
31	chr11	25862970	25862989	CTCF + 2 SINE_B2	2	-0.06630882
31	chr11	25862970	25862989	CTCF + 4 SINE_B2	4	-0.083123036
31	chr11	25862970	25862989	CTCF + 6 SINE_B2	6	-0.09339788
31	chr11	25862970	25862989	CTCF + 8 SINE_B2	8	-0.10194469
31	chr11	25862970	25862989	CTCF + 10 SINE_B2	10	-0.11139275
32	chr2	75151168	75151187	CTCF	0	-0.12796605
32	chr2	75151168	75151187	CTCF + 2 SINE_B2	2	-0.100323275
32	chr2	75151168	75151187	CTCF + 4 SINE_B2	4	-0.11595425
32	chr2	75151168	75151187	CTCF + 6 SINE_B2	6	-0.13044788
32	chr2	75151168	75151187	CTCF + 8 SINE_B2	8	-0.14052476
32	chr2	75151168	75151187	CTCF + 10 SINE_B2	10	-0.15081947
33	chr10	42295213	42295232	CTCF	0	-0.06313295
33	chr10	42295213	42295232	CTCF + 2 SINE_B2	2	-0.055664312
33	chr10	42295213	42295232	CTCF + 4 SINE_B2	4	-0.06787478
33	chr10	42295213	42295232	CTCF + 6 SINE_B2	6	-0.07587284
33	chr10	42295213	42295232	CTCF + 8 SINE_B2	8	-0.08291284
33	chr10	42295213	42295232	CTCF + 10 SINE_B2	10	-0.09425954
34	chr11	105911793	105911812	CTCF	0	-0.08553494
34	chr11	105911793	105911812	CTCF + 2 SINE_B2	2	-0.06975652
34	chr11	105911793	105911812	CTCF + 4 SINE_B2	4	-0.08481744
34	chr11	105911793	105911812	CTCF + 6 SINE_B2	6	-0.094922446
34	chr11	105911793	105911812	CTCF + 8 SINE_B2	8	-0.10326288
34	chr11	105911793	105911812	CTCF + 10 SINE_B2	10	-0.11245439
35	chr13	21714908	21714927	CTCF	0	-0.12698698
35	chr13	21714908	21714927	CTCF + 2 SINE_B2	2	-0.09196416
35	chr13	21714908	21714927	CTCF + 4 SINE_B2	4	-0.10698337
35	chr13	21714908	21714927	CTCF + 6 SINE_B2	6	-0.112104036
35	chr13	21714908	21714927	CTCF + 8 SINE_B2	8	-0.120366
35	chr13	21714908	21714927	CTCF + 10 SINE_B2	10	-0.13567318
36	chr7	73422651	73422670	CTCF	0	-0.07612045
36	chr7	73422651	73422670	CTCF + 2 SINE_B2	2	-0.06479324
36	chr7	73422651	73422670	CTCF + 4 SINE_B2	4	-0.07901528
36	chr7	73422651	73422670	CTCF + 6 SINE_B2	6	-0.087765925
36	chr7	73422651	73422670	CTCF + 8 SINE_B2	8	-0.095845394
36	chr7	73422651	73422670	CTCF + 10 SINE_B2	10	-0.1058536
37	chr10	45373452	45373471	CTCF	0	-0.05212921
37	chr10	45373452	45373471	CTCF + 2 SINE_B2	2	-0.051048122
37	chr10	45373452	45373471	CTCF + 4 SINE_B2	4	-0.05962832
37	chr10	45373452	45373471	CTCF + 6 SINE_B2	6	-0.066387795
37	chr10	45373452	45373471	CTCF + 8 SINE_B2	8	-0.07215986
37	chr10	45373452	45373471	CTCF + 10 SINE_B2	10	-0.08260805
38	chr18	50137055	50137074	CTCF	0	-0.0804785
38	chr18	50137055	50137074	CTCF + 2 SINE_B2	2	-0.068315275
38	chr18	50137055	50137074	CTCF + 4 SINE_B2	4	-0.080873184
38	chr18	50137055	50137074	CTCF + 6 SINE_B2	6	-0.085492305
38	chr18	50137055	50137074	CTCF + 8 SINE_B2	8	-0.09343286
38	chr18	50137055	50137074	CTCF + 10 SINE_B2	10	-0.10549048
39	chr18	19937911	19937930	CTCF	0	-0.051898953
39	chr18	19937911	19937930	CTCF + 2 SINE_B2	2	-0.05145136
39	chr18	19937911	19937930	CTCF + 4 SINE_B2	4	-0.06003194
39	chr18	19937911	19937930	CTCF + 6 SINE_B2	6	-0.06710463
39	chr18	19937911	19937930	CTCF + 8 SINE_B2	8	-0.073354825
39	chr18	19937911	19937930	CTCF + 10 SINE_B2	10	-0.08281725
40	chr13	73646855	73646874	CTCF	0	-0.098714955
40	chr13	73646855	73646874	CTCF + 2 SINE_B2	2	-0.07857816
40	chr13	73646855	73646874	CTCF + 4 SINE_B2	4	-0.09063008
40	chr13	73646855	73646874	CTCF + 6 SINE_B2	6	-0.09804618
40	chr13	73646855	73646874	CTCF + 8 SINE_B2	8	-0.10738353
40	chr13	73646855	73646874	CTCF + 10 SINE_B2	10	-0.1191294
41	chr18	59081877	59081896	CTCF	0	-0.12514725
41	chr18	59081877	59081896	CTCF + 2 SINE_B2	2	-0.09057157
41	chr18	59081877	59081896	CTCF + 4 SINE_B2	4	-0.10565894
41	chr18	59081877	59081896	CTCF + 6 SINE_B2	6	-0.11011586
41	chr18	59081877	59081896	CTCF + 8 SINE_B2	8	-0.119008355
41	chr18	59081877	59081896	CTCF + 10 SINE_B2	10	-0.13453077
42	chr8	10415011	10415030	CTCF	0	-0.14980513
42	chr8	10415011	10415030	CTCF + 2 SINE_B2	2	-0.107936025
42	chr8	10415011	10415030	CTCF + 4 SINE_B2	4	-0.124175854
42	chr8	10415011	10415030	CTCF + 6 SINE_B2	6	-0.13027708
42	chr8	10415011	10415030	CTCF + 8 SINE_B2	8	-0.13802113
42	chr8	10415011	10415030	CTCF + 10 SINE_B2	10	-0.15347812
43	chr16	44149195	44149214	CTCF	0	-0.048979975
43	chr16	44149195	44149214	CTCF + 2 SINE_B2	2	-0.048614413
43	chr16	44149195	44149214	CTCF + 4 SINE_B2	4	-0.056574807
43	chr16	44149195	44149214	CTCF + 6 SINE_B2	6	-0.0635102
43	chr16	44149195	44149214	CTCF + 8 SINE_B2	8	-0.0689006
43	chr16	44149195	44149214	CTCF + 10 SINE_B2	10	-0.07763976
44	chr13	100112769	100112788	CTCF	0	-0.0493611
44	chr13	100112769	100112788	CTCF + 2 SINE_B2	2	-0.051503923
44	chr13	100112769	100112788	CTCF + 4 SINE_B2	4	-0.059786174
44	chr13	100112769	100112788	CTCF + 6 SINE_B2	6	-0.066312745
44	chr13	100112769	100112788	CTCF + 8 SINE_B2	8	-0.07210471
44	chr13	100112769	100112788	CTCF + 10 SINE_B2	10	-0.081240095
45	chr2	110229864	110229883	CTCF	0	-0.15714113
45	chr2	110229864	110229883	CTCF + 2 SINE_B2	2	-0.11301551
45	chr2	110229864	110229883	CTCF + 4 SINE_B2	4	-0.12992562
45	chr2	110229864	110229883	CTCF + 6 SINE_B2	6	-0.137214
45	chr2	110229864	110229883	CTCF + 8 SINE_B2	8	-0.1438952
45	chr2	110229864	110229883	CTCF + 10 SINE_B2	10	-0.15933137
46	chr14	114791628	114791647	CTCF	0	-0.049231034
46	chr14	114791628	114791647	CTCF + 2 SINE_B2	2	-0.04962109
46	chr14	114791628	114791647	CTCF + 4 SINE_B2	4	-0.057749785
46	chr14	114791628	114791647	CTCF + 6 SINE_B2	6	-0.064218454
46	chr14	114791628	114791647	CTCF + 8 SINE_B2	8	-0.07004301
46	chr14	114791628	114791647	CTCF + 10 SINE_B2	10	-0.07926803
47	chr14	76479934	76479953	CTCF	0	-0.061880443
47	chr14	76479934	76479953	CTCF + 2 SINE_B2	2	-0.056368746
47	chr14	76479934	76479953	CTCF + 4 SINE_B2	4	-0.06643903
47	chr14	76479934	76479953	CTCF + 6 SINE_B2	6	-0.07165884
47	chr14	76479934	76479953	CTCF + 8 SINE_B2	8	-0.08012483
47	chr14	76479934	76479953	CTCF + 10 SINE_B2	10	-0.09009977
48	chr17	78598813	78598832	CTCF	0	-0.17093797
48	chr17	78598813	78598832	CTCF + 2 SINE_B2	2	-0.12299593
48	chr17	78598813	78598832	CTCF + 4 SINE_B2	4	-0.14070173
48	chr17	78598813	78598832	CTCF + 6 SINE_B2	6	-0.14874856
48	chr17	78598813	78598832	CTCF + 8 SINE_B2	8	-0.15448219
48	chr17	78598813	78598832	CTCF + 10 SINE_B2	10	-0.1710878
49	chr2	118241595	118241614	CTCF	0	-0.1319625
49	chr2	118241595	118241614	CTCF + 2 SINE_B2	2	-0.110711746
49	chr2	118241595	118241614	CTCF + 4 SINE_B2	4	-0.12694184
49	chr2	118241595	118241614	CTCF + 6 SINE_B2	6	-0.14130431
49	chr2	118241595	118241614	CTCF + 8 SINE_B2	8	-0.15172546
49	chr2	118241595	118241614	CTCF + 10 SINE_B2	10	-0.16285653
50	chr15	55550905	55550924	CTCF	0	-0.08322151
50	chr15	55550905	55550924	CTCF + 2 SINE_B2	2	-0.062970534
50	chr15	55550905	55550924	CTCF + 4 SINE_B2	4	-0.07954177
50	chr15	55550905	55550924	CTCF + 6 SINE_B2	6	-0.08982283
50	chr15	55550905	55550924	CTCF + 8 SINE_B2	8	-0.09834303
50	chr15	55550905	55550924	CTCF + 10 SINE_B2	10	-0.10854415
51	chr15	97667559	97667578	CTCF	0	-0.19222558
51	chr15	97667559	97667578	CTCF + 2 SINE_B2	2	-0.14282976
51	chr15	97667559	97667578	CTCF + 4 SINE_B2	4	-0.15970401
51	chr15	97667559	97667578	CTCF + 6 SINE_B2	6	-0.16890447
51	chr15	97667559	97667578	CTCF + 8 SINE_B2	8	-0.17408621
51	chr15	97667559	97667578	CTCF + 10 SINE_B2	10	-0.1913974
52	chr10	60760637	60760656	CTCF	0	-0.14240904
52	chr10	60760637	60760656	CTCF + 2 SINE_B2	2	-0.11119522
52	chr10	60760637	60760656	CTCF + 4 SINE_B2	4	-0.12828086
52	chr10	60760637	60760656	CTCF + 6 SINE_B2	6	-0.14335267
52	chr10	60760637	60760656	CTCF + 8 SINE_B2	8	-0.15262511
52	chr10	60760637	60760656	CTCF + 10 SINE_B2	10	-0.16330908
53	chr13	113877596	113877615	CTCF	0	-0.07270091
53	chr13	113877596	113877615	CTCF + 2 SINE_B2	2	-0.06240864
53	chr13	113877596	113877615	CTCF + 4 SINE_B2	4	-0.07430425
53	chr13	113877596	113877615	CTCF + 6 SINE_B2	6	-0.078867756
53	chr13	113877596	113877615	CTCF + 8 SINE_B2	8	-0.08685232
53	chr13	113877596	113877615	CTCF + 10 SINE_B2	10	-0.09822033
54	chr1	167932266	167932285	CTCF	0	-0.059702016
54	chr1	167932266	167932285	CTCF + 2 SINE_B2	2	-0.054858476
54	chr1	167932266	167932285	CTCF + 4 SINE_B2	4	-0.06611096
54	chr1	167932266	167932285	CTCF + 6 SINE_B2	6	-0.073648565
54	chr1	167932266	167932285	CTCF + 8 SINE_B2	8	-0.080593735
54	chr1	167932266	167932285	CTCF + 10 SINE_B2	10	-0.09173196
55	chr13	57269818	57269837	CTCF	0	-0.11081639
55	chr13	57269818	57269837	CTCF + 2 SINE_B2	2	-0.079683736
55	chr13	57269818	57269837	CTCF + 4 SINE_B2	4	-0.098693855
55	chr13	57269818	57269837	CTCF + 6 SINE_B2	6	-0.11064659
55	chr13	57269818	57269837	CTCF + 8 SINE_B2	8	-0.118698895
55	chr13	57269818	57269837	CTCF + 10 SINE_B2	10	-0.12701277
56	chr11	117385063	117385082	CTCF	0	-0.16786645
56	chr11	117385063	117385082	CTCF + 2 SINE_B2	2	-0.120872036
56	chr11	117385063	117385082	CTCF + 4 SINE_B2	4	-0.13544136
56	chr11	117385063	117385082	CTCF + 6 SINE_B2	6	-0.13922687
56	chr11	117385063	117385082	CTCF + 8 SINE_B2	8	-0.14805405
56	chr11	117385063	117385082	CTCF + 10 SINE_B2	10	-0.1656645
57	chr10	69655018	69655037	CTCF	0	-0.087028265
57	chr10	69655018	69655037	CTCF + 2 SINE_B2	2	-0.07579153
57	chr10	69655018	69655037	CTCF + 4 SINE_B2	4	-0.08850986
57	chr10	69655018	69655037	CTCF + 6 SINE_B2	6	-0.099277034
57	chr10	69655018	69655037	CTCF + 8 SINE_B2	8	-0.10812312
57	chr10	69655018	69655037	CTCF + 10 SINE_B2	10	-0.11770995
58	chr9	116060810	116060829	CTCF	0	-0.058445755
58	chr9	116060810	116060829	CTCF + 2 SINE_B2	2	-0.057709906
58	chr9	116060810	116060829	CTCF + 4 SINE_B2	4	-0.067297414
58	chr9	116060810	116060829	CTCF + 6 SINE_B2	6	-0.07285617
58	chr9	116060810	116060829	CTCF + 8 SINE_B2	8	-0.080040365
58	chr9	116060810	116060829	CTCF + 10 SINE_B2	10	-0.0890639
59	chr19	28768426	28768445	CTCF	0	-0.051041223
59	chr19	28768426	28768445	CTCF + 2 SINE_B2	2	-0.05005813
59	chr19	28768426	28768445	CTCF + 4 SINE_B2	4	-0.0583656
59	chr19	28768426	28768445	CTCF + 6 SINE_B2	6	-0.06539884
59	chr19	28768426	28768445	CTCF + 8 SINE_B2	8	-0.07119006
59	chr19	28768426	28768445	CTCF + 10 SINE_B2	10	-0.08113308
60	chr8	17537734	17537753	CTCF	0	-0.064216554
60	chr8	17537734	17537753	CTCF + 2 SINE_B2	2	-0.054862585
60	chr8	17537734	17537753	CTCF + 4 SINE_B2	4	-0.06740406
60	chr8	17537734	17537753	CTCF + 6 SINE_B2	6	-0.075960435
60	chr8	17537734	17537753	CTCF + 8 SINE_B2	8	-0.08332873
60	chr8	17537734	17537753	CTCF + 10 SINE_B2	10	-0.094917454
61	chr11	82915157	82915176	CTCF	0	-0.19269972
61	chr11	82915157	82915176	CTCF + 2 SINE_B2	2	-0.14496467
61	chr11	82915157	82915176	CTCF + 4 SINE_B2	4	-0.16347073
61	chr11	82915157	82915176	CTCF + 6 SINE_B2	6	-0.17539366
61	chr11	82915157	82915176	CTCF + 8 SINE_B2	8	-0.18203843
61	chr11	82915157	82915176	CTCF + 10 SINE_B2	10	-0.19733585
62	chr11	40149490	40149509	CTCF	0	-0.053725693
62	chr11	40149490	40149509	CTCF + 2 SINE_B2	2	-0.05153104
62	chr11	40149490	40149509	CTCF + 4 SINE_B2	4	-0.060500495
62	chr11	40149490	40149509	CTCF + 6 SINE_B2	6	-0.06744641
62	chr11	40149490	40149509	CTCF + 8 SINE_B2	8	-0.07322872
62	chr11	40149490	40149509	CTCF + 10 SINE_B2	10	-0.08406113
63	chr18	3495615	3495634	CTCF	0	-0.06450592
63	chr18	3495615	3495634	CTCF + 2 SINE_B2	2	-0.06137253
63	chr18	3495615	3495634	CTCF + 4 SINE_B2	4	-0.07122997
63	chr18	3495615	3495634	CTCF + 6 SINE_B2	6	-0.0774705
63	chr18	3495615	3495634	CTCF + 8 SINE_B2	8	-0.0848435
63	chr18	3495615	3495634	CTCF + 10 SINE_B2	10	-0.093672276
64	chr1	192722342	192722361	CTCF	0	-0.13345538
64	chr1	192722342	192722361	CTCF + 2 SINE_B2	2	-0.102099404
64	chr1	192722342	192722361	CTCF + 4 SINE_B2	4	-0.11856817
64	chr1	192722342	192722361	CTCF + 6 SINE_B2	6	-0.1333427
64	chr1	192722342	192722361	CTCF + 8 SINE_B2	8	-0.1424089
64	chr1	192722342	192722361	CTCF + 10 SINE_B2	10	-0.15222865
65	chr1	21411386	21411405	CTCF	0	-0.094953954
65	chr1	21411386	21411405	CTCF + 2 SINE_B2	2	-0.07751628
65	chr1	21411386	21411405	CTCF + 4 SINE_B2	4	-0.08962556
65	chr1	21411386	21411405	CTCF + 6 SINE_B2	6	-0.09708068
65	chr1	21411386	21411405	CTCF + 8 SINE_B2	8	-0.106320515
65	chr1	21411386	21411405	CTCF + 10 SINE_B2	10	-0.117855236
66	chr12	41487217	41487236	CTCF	0	-0.12580188
66	chr12	41487217	41487236	CTCF + 2 SINE_B2	2	-0.09470173
66	chr12	41487217	41487236	CTCF + 4 SINE_B2	4	-0.11134645
66	chr12	41487217	41487236	CTCF + 6 SINE_B2	6	-0.1257385
66	chr12	41487217	41487236	CTCF + 8 SINE_B2	8	-0.13434097
66	chr12	41487217	41487236	CTCF + 10 SINE_B2	10	-0.14289173
67	chr14	102510621	102510640	CTCF	0	-0.11954941
67	chr14	102510621	102510640	CTCF + 2 SINE_B2	2	-0.090724
67	chr14	102510621	102510640	CTCF + 4 SINE_B2	4	-0.10663477
67	chr14	102510621	102510640	CTCF + 6 SINE_B2	6	-0.120774105
67	chr14	102510621	102510640	CTCF + 8 SINE_B2	8	-0.1292617
67	chr14	102510621	102510640	CTCF + 10 SINE_B2	10	-0.13791406
68	chr15	76196877	76196896	CTCF	0	-0.18916403
68	chr15	76196877	76196896	CTCF + 2 SINE_B2	2	-0.14002904
68	chr15	76196877	76196896	CTCF + 4 SINE_B2	4	-0.15687183
68	chr15	76196877	76196896	CTCF + 6 SINE_B2	6	-0.16576399
68	chr15	76196877	76196896	CTCF + 8 SINE_B2	8	-0.17100537
68	chr15	76196877	76196896	CTCF + 10 SINE_B2	10	-0.18818034
69	chr4	139872775	139872794	CTCF	0	-0.17277016
69	chr4	139872775	139872794	CTCF + 2 SINE_B2	2	-0.12604532
69	chr4	139872775	139872794	CTCF + 4 SINE_B2	4	-0.1445231
69	chr4	139872775	139872794	CTCF + 6 SINE_B2	6	-0.15531038
69	chr4	139872775	139872794	CTCF + 8 SINE_B2	8	-0.16127013
69	chr4	139872775	139872794	CTCF + 10 SINE_B2	10	-0.17694348
70	chr9	29650831	29650850	CTCF	0	-0.06601202
70	chr9	29650831	29650850	CTCF + 2 SINE_B2	2	-0.057995487
70	chr9	29650831	29650850	CTCF + 4 SINE_B2	4	-0.07148232
70	chr9	29650831	29650850	CTCF + 6 SINE_B2	6	-0.07928897
70	chr9	29650831	29650850	CTCF + 8 SINE_B2	8	-0.08643746
70	chr9	29650831	29650850	CTCF + 10 SINE_B2	10	-0.09789805
71	chr3	80079950	80079969	CTCF	0	-0.09934043
71	chr3	80079950	80079969	CTCF + 2 SINE_B2	2	-0.07805991
71	chr3	80079950	80079969	CTCF + 4 SINE_B2	4	-0.091812655
71	chr3	80079950	80079969	CTCF + 6 SINE_B2	6	-0.0964041
71	chr3	80079950	80079969	CTCF + 8 SINE_B2	8	-0.10497042
71	chr3	80079950	80079969	CTCF + 10 SINE_B2	10	-0.11882266
72	chr13	64443457	64443476	CTCF	0	-0.06204968
72	chr13	64443457	64443476	CTCF + 2 SINE_B2	2	-0.057977982
72	chr13	64443457	64443476	CTCF + 4 SINE_B2	4	-0.06808027
72	chr13	64443457	64443476	CTCF + 6 SINE_B2	6	-0.07331855
72	chr13	64443457	64443476	CTCF + 8 SINE_B2	8	-0.08157031
72	chr13	64443457	64443476	CTCF + 10 SINE_B2	10	-0.09168959
73	chr7	119011372	119011391	CTCF	0	-0.06128423
73	chr7	119011372	119011391	CTCF + 2 SINE_B2	2	-0.059307378
73	chr7	119011372	119011391	CTCF + 4 SINE_B2	4	-0.06930523
73	chr7	119011372	119011391	CTCF + 6 SINE_B2	6	-0.07464385
73	chr7	119011372	119011391	CTCF + 8 SINE_B2	8	-0.08219284
73	chr7	119011372	119011391	CTCF + 10 SINE_B2	10	-0.09165625
74	chr9	40805470	40805489	CTCF	0	-0.08747042
74	chr9	40805470	40805489	CTCF + 2 SINE_B2	2	-0.073514976
74	chr9	40805470	40805489	CTCF + 4 SINE_B2	4	-0.08721911
74	chr9	40805470	40805489	CTCF + 6 SINE_B2	6	-0.09771978
74	chr9	40805470	40805489	CTCF + 8 SINE_B2	8	-0.10618746
74	chr9	40805470	40805489	CTCF + 10 SINE_B2	10	-0.11494524
75	chr3	9711102	9711121	CTCF	0	-0.112482734
75	chr3	9711102	9711121	CTCF + 2 SINE_B2	2	-0.0823175
75	chr3	9711102	9711121	CTCF + 4 SINE_B2	4	-0.09754439
75	chr3	9711102	9711121	CTCF + 6 SINE_B2	6	-0.10033346
75	chr3	9711102	9711121	CTCF + 8 SINE_B2	8	-0.1100643
75	chr3	9711102	9711121	CTCF + 10 SINE_B2	10	-0.12569572
76	chr5	62481140	62481159	CTCF	0	-0.0658795
76	chr5	62481140	62481159	CTCF + 2 SINE_B2	2	-0.059531182
76	chr5	62481140	62481159	CTCF + 4 SINE_B2	4	-0.07261639
76	chr5	62481140	62481159	CTCF + 6 SINE_B2	6	-0.080392376
76	chr5	62481140	62481159	CTCF + 8 SINE_B2	8	-0.08742399
76	chr5	62481140	62481159	CTCF + 10 SINE_B2	10	-0.09847909
77	chr7	45451476	45451495	CTCF	0	-0.1392306
77	chr7	45451476	45451495	CTCF + 2 SINE_B2	2	-0.10186625
77	chr7	45451476	45451495	CTCF + 4 SINE_B2	4	-0.117634974
77	chr7	45451476	45451495	CTCF + 6 SINE_B2	6	-0.12535393
77	chr7	45451476	45451495	CTCF + 8 SINE_B2	8	-0.13261457
77	chr7	45451476	45451495	CTCF + 10 SINE_B2	10	-0.14691995
78	chr10	45045467	45045486	CTCF	0	-0.05968068
78	chr10	45045467	45045486	CTCF + 2 SINE_B2	2	-0.055111013
78	chr10	45045467	45045486	CTCF + 4 SINE_B2	4	-0.06639011
78	chr10	45045467	45045486	CTCF + 6 SINE_B2	6	-0.07392741
78	chr10	45045467	45045486	CTCF + 8 SINE_B2	8	-0.08068617
78	chr10	45045467	45045486	CTCF + 10 SINE_B2	10	-0.091813445
79	chr6	6005818	6005837	CTCF	0	-0.06417039
79	chr6	6005818	6005837	CTCF + 2 SINE_B2	2	-0.058232747
79	chr6	6005818	6005837	CTCF + 4 SINE_B2	4	-0.0688735
79	chr6	6005818	6005837	CTCF + 6 SINE_B2	6	-0.07399227
79	chr6	6005818	6005837	CTCF + 8 SINE_B2	8	-0.08255524
79	chr6	6005818	6005837	CTCF + 10 SINE_B2	10	-0.09306725
80	chr3	68056531	68056550	CTCF	0	-0.13410115
80	chr3	68056531	68056550	CTCF + 2 SINE_B2	2	-0.10047882
80	chr3	68056531	68056550	CTCF + 4 SINE_B2	4	-0.11516114
80	chr3	68056531	68056550	CTCF + 6 SINE_B2	6	-0.12572834
80	chr3	68056531	68056550	CTCF + 8 SINE_B2	8	-0.13386889
80	chr3	68056531	68056550	CTCF + 10 SINE_B2	10	-0.14634888
81	chr1	67181366	67181385	CTCF	0	-0.17610355
81	chr1	67181366	67181385	CTCF + 2 SINE_B2	2	-0.12785052
81	chr1	67181366	67181385	CTCF + 4 SINE_B2	4	-0.14243862
81	chr1	67181366	67181385	CTCF + 6 SINE_B2	6	-0.14750092
81	chr1	67181366	67181385	CTCF + 8 SINE_B2	8	-0.15539405
81	chr1	67181366	67181385	CTCF + 10 SINE_B2	10	-0.1729408
82	chr5	98348829	98348848	CTCF	0	-0.16901532
82	chr5	98348829	98348848	CTCF + 2 SINE_B2	2	-0.123982824
82	chr5	98348829	98348848	CTCF + 4 SINE_B2	4	-0.14183696
82	chr5	98348829	98348848	CTCF + 6 SINE_B2	6	-0.15379699
82	chr5	98348829	98348848	CTCF + 8 SINE_B2	8	-0.16068004
82	chr5	98348829	98348848	CTCF + 10 SINE_B2	10	-0.17526723
83	chr4	115101797	115101816	CTCF	0	-0.064260654
83	chr4	115101797	115101816	CTCF + 2 SINE_B2	2	-0.061283953
83	chr4	115101797	115101816	CTCF + 4 SINE_B2	4	-0.07134219
83	chr4	115101797	115101816	CTCF + 6 SINE_B2	6	-0.076680645
83	chr4	115101797	115101816	CTCF + 8 SINE_B2	8	-0.08417819
83	chr4	115101797	115101816	CTCF + 10 SINE_B2	10	-0.09351936
84	chr4	48691971	48691990	CTCF	0	-0.100794286
84	chr4	48691971	48691990	CTCF + 2 SINE_B2	2	-0.07446982
84	chr4	48691971	48691990	CTCF + 4 SINE_B2	4	-0.088802755
84	chr4	48691971	48691990	CTCF + 6 SINE_B2	6	-0.09147694
84	chr4	48691971	48691990	CTCF + 8 SINE_B2	8	-0.10110186
84	chr4	48691971	48691990	CTCF + 10 SINE_B2	10	-0.116677545
85	chr15	11966556	11966575	CTCF	0	-0.09083789
85	chr15	11966556	11966575	CTCF + 2 SINE_B2	2	-0.07136535
85	chr15	11966556	11966575	CTCF + 4 SINE_B2	4	-0.087259606
85	chr15	11966556	11966575	CTCF + 6 SINE_B2	6	-0.097707555
85	chr15	11966556	11966575	CTCF + 8 SINE_B2	8	-0.10622289
85	chr15	11966556	11966575	CTCF + 10 SINE_B2	10	-0.11505358
86	chr8	84639400	84639419	CTCF	0	-0.122111365
86	chr8	84639400	84639419	CTCF + 2 SINE_B2	2	-0.098225676
86	chr8	84639400	84639419	CTCF + 4 SINE_B2	4	-0.11332618
86	chr8	84639400	84639419	CTCF + 6 SINE_B2	6	-0.12764484
86	chr8	84639400	84639419	CTCF + 8 SINE_B2	8	-0.13782686
86	chr8	84639400	84639419	CTCF + 10 SINE_B2	10	-0.14838518
87	chr9	69502701	69502720	CTCF	0	-0.12359202
87	chr9	69502701	69502720	CTCF + 2 SINE_B2	2	-0.09607045
87	chr9	69502701	69502720	CTCF + 4 SINE_B2	4	-0.11189916
87	chr9	69502701	69502720	CTCF + 6 SINE_B2	6	-0.12655102
87	chr9	69502701	69502720	CTCF + 8 SINE_B2	8	-0.1358211
87	chr9	69502701	69502720	CTCF + 10 SINE_B2	10	-0.14513102
88	chr15	80266424	80266443	CTCF	0	-0.08704284
88	chr15	80266424	80266443	CTCF + 2 SINE_B2	2	-0.07288736
88	chr15	80266424	80266443	CTCF + 4 SINE_B2	4	-0.08493031
88	chr15	80266424	80266443	CTCF + 6 SINE_B2	6	-0.090693474
88	chr15	80266424	80266443	CTCF + 8 SINE_B2	8	-0.09925948
88	chr15	80266424	80266443	CTCF + 10 SINE_B2	10	-0.11132414
89	chr16	27468962	27468981	CTCF	0	-0.19936395
89	chr16	27468962	27468981	CTCF + 2 SINE_B2	2	-0.15153666
89	chr16	27468962	27468981	CTCF + 4 SINE_B2	4	-0.16925274
89	chr16	27468962	27468981	CTCF + 6 SINE_B2	6	-0.18101762
89	chr16	27468962	27468981	CTCF + 8 SINE_B2	8	-0.1875646
89	chr16	27468962	27468981	CTCF + 10 SINE_B2	10	-0.20280163
90	chr4	43420528	43420547	CTCF	0	-0.11460627
90	chr4	43420528	43420547	CTCF + 2 SINE_B2	2	-0.083691485
90	chr4	43420528	43420547	CTCF + 4 SINE_B2	4	-0.1019874
90	chr4	43420528	43420547	CTCF + 6 SINE_B2	6	-0.11396224
90	chr4	43420528	43420547	CTCF + 8 SINE_B2	8	-0.12221733
90	chr4	43420528	43420547	CTCF + 10 SINE_B2	10	-0.13061528
91	chr12	83502417	83502436	CTCF	0	-0.10135122
91	chr12	83502417	83502436	CTCF + 2 SINE_B2	2	-0.076384656
91	chr12	83502417	83502436	CTCF + 4 SINE_B2	4	-0.09328166
91	chr12	83502417	83502436	CTCF + 6 SINE_B2	6	-0.104587145
91	chr12	83502417	83502436	CTCF + 8 SINE_B2	8	-0.11309035
91	chr12	83502417	83502436	CTCF + 10 SINE_B2	10	-0.12155726
92	chr12	57825931	57825950	CTCF	0	-0.08751823
92	chr12	57825931	57825950	CTCF + 2 SINE_B2	2	-0.0715996
92	chr12	57825931	57825950	CTCF + 4 SINE_B2	4	-0.08501825
92	chr12	57825931	57825950	CTCF + 6 SINE_B2	6	-0.08959869
92	chr12	57825931	57825950	CTCF + 8 SINE_B2	8	-0.09833616
92	chr12	57825931	57825950	CTCF + 10 SINE_B2	10	-0.11105317
93	chr4	64833077	64833096	CTCF	0	-0.14908443
93	chr4	64833077	64833096	CTCF + 2 SINE_B2	2	-0.10576138
93	chr4	64833077	64833096	CTCF + 4 SINE_B2	4	-0.11976677
93	chr4	64833077	64833096	CTCF + 6 SINE_B2	6	-0.12346123
93	chr4	64833077	64833096	CTCF + 8 SINE_B2	8	-0.13383447
93	chr4	64833077	64833096	CTCF + 10 SINE_B2	10	-0.15038776
94	chr7	43920020	43920039	CTCF	0	-0.12430903
94	chr7	43920020	43920039	CTCF + 2 SINE_B2	2	-0.089117736
94	chr7	43920020	43920039	CTCF + 4 SINE_B2	4	-0.10769093
94	chr7	43920020	43920039	CTCF + 6 SINE_B2	6	-0.120047666
94	chr7	43920020	43920039	CTCF + 8 SINE_B2	8	-0.12828891
94	chr7	43920020	43920039	CTCF + 10 SINE_B2	10	-0.13716628
95	chr17	40824041	40824060	CTCF	0	-0.060148127
95	chr17	40824041	40824060	CTCF + 2 SINE_B2	2	-0.05706398
95	chr17	40824041	40824060	CTCF + 4 SINE_B2	4	-0.068511724
95	chr17	40824041	40824060	CTCF + 6 SINE_B2	6	-0.075893894
95	chr17	40824041	40824060	CTCF + 8 SINE_B2	8	-0.08248923
95	chr17	40824041	40824060	CTCF + 10 SINE_B2	10	-0.09343302
96	chr17	88641230	88641249	CTCF	0	-0.09008992
96	chr17	88641230	88641249	CTCF + 2 SINE_B2	2	-0.07263226
96	chr17	88641230	88641249	CTCF + 4 SINE_B2	4	-0.08792434
96	chr17	88641230	88641249	CTCF + 6 SINE_B2	6	-0.09820236
96	chr17	88641230	88641249	CTCF + 8 SINE_B2	8	-0.1065767
96	chr17	88641230	88641249	CTCF + 10 SINE_B2	10	-0.11536417
97	chr14	72293972	72293991	CTCF	0	-0.09896882
97	chr14	72293972	72293991	CTCF + 2 SINE_B2	2	-0.07520671
97	chr14	72293972	72293991	CTCF + 4 SINE_B2	4	-0.09177587
97	chr14	72293972	72293991	CTCF + 6 SINE_B2	6	-0.10279486
97	chr14	72293972	72293991	CTCF + 8 SINE_B2	8	-0.11131584
97	chr14	72293972	72293991	CTCF + 10 SINE_B2	10	-0.119904324
98	chr3	52254069	52254088	CTCF	0	-0.1034947
98	chr3	52254069	52254088	CTCF + 2 SINE_B2	2	-0.07766825
98	chr3	52254069	52254088	CTCF + 4 SINE_B2	4	-0.09279681
98	chr3	52254069	52254088	CTCF + 6 SINE_B2	6	-0.09580399
98	chr3	52254069	52254088	CTCF + 8 SINE_B2	8	-0.10530853
98	chr3	52254069	52254088	CTCF + 10 SINE_B2	10	-0.120531105
99	chr8	117898195	117898214	CTCF	0	-0.10105467
99	chr8	117898195	117898214	CTCF + 2 SINE_B2	2	-0.07681824
99	chr8	117898195	117898214	CTCF + 4 SINE_B2	4	-0.09122454
99	chr8	117898195	117898214	CTCF + 6 SINE_B2	6	-0.094807744
99	chr8	117898195	117898214	CTCF + 8 SINE_B2	8	-0.10356391
99	chr8	117898195	117898214	CTCF + 10 SINE_B2	10	-0.11805361
